	DEXSeq	rMATS	SUPPA
DEXSeq		0.583815028901734	0.354237288135593
rMATS	0.583815028901734		0.508670520231214
SUPPA	0.354237288135593	0.508670520231214	
